make,model,boom_length,arm_length,CWT,shoe_width,reach,swl,class
Komatsu,PC450,7.06,3.38,9220,600,3,21700,50
Komatsu,PC450,7.06,3.38,9220,600,4.5,12600,50
Komatsu,PC450,7.06,3.38,9220,600,6,9450,50
Komatsu,PC450,7.06,3.38,9220,600,7.5,6550,50
Komatsu,PC450,7.06,3.38,9220,600,9,4850,50
Komatsu,PC450,7.06,3.38,9220,600,Max,3900,50
Komatsu,PC490,7,3.4,9220,600,3,9950,50
Komatsu,PC490,7,3.4,9220,600,4.5,12500,50
Komatsu,PC490,7,3.4,9220,600,6,9300,50
Komatsu,PC490,7,3.4,9220,600,7.5,8100,50
Komatsu,PC490,7,3.4,9220,600,9,6050,50
Komatsu,PC490,7,3.4,9220,600,Max,4950,50
Komatsu,PC700,6.6,2.9,9350,610,3,25800,70
Komatsu,PC700,6.6,2.9,9350,610,4.5,20700,70
Komatsu,PC700,6.6,2.9,9350,610,6,21050,70
Komatsu,PC700,6.6,2.9,9350,610,7.5,15450,70
Komatsu,PC700,6.6,2.9,9350,610,9,12250,70
Komatsu,PC700,6.6,2.9,9350,610,Max,11700,70
Komatsu,PC700,7.3,3.5,9350,610,3,20050,70
Komatsu,PC700,7.3,3.5,9350,610,4.5,24500,70
Komatsu,PC700,7.3,3.5,9350,610,6,20850,70
Komatsu,PC700,7.3,3.5,9350,610,7.5,15150,70
Komatsu,PC700,7.3,3.5,9350,610,9,11900,70
Komatsu,PC700,7.3,3.5,9350,610,Max,10000,70
Komatsu,PC700,7.6,2.9,9350,610,3,27300,70
Komatsu,PC700,7.6,2.9,9350,610,4.5,18400,70
Komatsu,PC700,7.6,2.9,9350,610,6,15050,70
Komatsu,PC700,7.6,2.9,9350,610,7.5,14900,70
Komatsu,PC700,7.6,2.9,9350,610,9,11700,70
Komatsu,PC700,7.6,2.9,9350,610,Max,9350,70
Komatsu,PC850,8.04,3.6,11850,610,3,24450,90
Komatsu,PC850,8.04,3.6,11850,610,4.5,21150,90
Komatsu,PC850,8.04,3.6,11850,610,6,20000,90
Komatsu,PC850,8.04,3.6,11850,610,7.5,14250,90
Komatsu,PC850,8.04,3.6,11850,610,9,10550,90
Komatsu,PC850,8.04,3.6,11850,610,Max,7150,90
Komatsu,PC850-SE,7.1,2.9,11850,610,3,31850,90
Komatsu,PC850-SE,7.1,2.9,11850,610,4.5,31350,90
Komatsu,PC850-SE,7.1,2.9,11850,610,6,22200,90
Komatsu,PC850-SE,7.1,2.9,11850,610,7.5,15300,90
Komatsu,PC850-SE,7.1,2.9,11850,610,9,11350,90
Komatsu,PC850-SE,7.1,2.9,11850,610,Max,9250,90
Komatsu,PC1250,9.1,3.4,16700,700,4.6,41250,120
Komatsu,PC1250,9.1,3.4,16700,700,6.1,37300,120
Komatsu,PC1250,9.1,3.4,16700,700,7.6,30200,120
Komatsu,PC1250,9.1,3.4,16700,700,9.1,24950,120
Komatsu,PC1250,9.1,3.4,16700,700,10.7,20500,120
Komatsu,PC1250,9.1,3.4,16700,700,12.2,17300,120
Komatsu,PC1250,9.1,3.4,16700,700,Max,16750,120
Komatsu,PC1250,9.1,4.5,16700,700,4.6,36350,120
Komatsu,PC1250,9.1,4.5,16700,700,6.1,32350,120
Komatsu,PC1250,9.1,4.5,16700,700,7.6,31000,120
Komatsu,PC1250,9.1,4.5,16700,700,9.1,24100,120
Komatsu,PC1250,9.1,4.5,16700,700,10.7,19750,120
Komatsu,PC1250,9.1,4.5,16700,700,12.2,16850,120
Komatsu,PC1250,9.1,4.5,16700,700,Max,14750,120
Komatsu,PC1250,9.1,5.7,16700,700,6.1,35350,120
Komatsu,PC1250,9.1,5.7,16700,700,7.6,30400,120
Komatsu,PC1250,9.1,5.7,16700,700,9.1,23650,120
Komatsu,PC1250,9.1,5.7,16700,700,10.7,19250,120
Komatsu,PC1250,9.1,5.7,16700,700,12.2,16200,120
Komatsu,PC1250,9.1,5.7,16700,700,13.7,14150,120
Komatsu,PC1250,9.1,5.7,16700,700,Max,11600,120
Komatsu,PC1250,7.8,3.4,16700,700,4.6,59200,120
Komatsu,PC1250,7.8,3.4,16700,700,6.1,42000,120
Komatsu,PC1250,7.8,3.4,16700,700,7.6,33450,120
Komatsu,PC1250,7.8,3.4,16700,700,9.1,26050,120
Komatsu,PC1250,7.8,3.4,16700,700,10.7,21250,120
Komatsu,PC1250,7.8,3.4,16700,700,12.2,N/A,120
Komatsu,PC1250,7.8,3.4,16700,700,Max,19800,120
Hitachi,ZX490LCH-5-FXUC,7,3.4,9080,600,3,14480,50
Hitachi,ZX490LCH-5-FXUC,7,3.4,9080,600,4.5,17050,50
Hitachi,ZX490LCH-5-FXUC,7,3.4,9080,600,6,11900,50
Hitachi,ZX490LCH-5-FXUC,7,3.4,9080,600,7.5,8740,50
Hitachi,ZX490LCH-5-FXUC,7,3.4,9080,600,9,6850,50
Hitachi,ZX490LCH-5-FXUC,7,3.4,9080,600,Max,5940,50
Hitachi,ZX490LCH-5-FXUC,7,2.9,9080,600,3,17230,50
Hitachi,ZX490LCH-5-FXUC,7,2.9,9080,600,4.5,17910,50
Hitachi,ZX490LCH-5-FXUC,7,2.9,9080,600,6,11860,50
Hitachi,ZX490LCH-5-FXUC,7,2.9,9080,600,7.5,8740,50
Hitachi,ZX490LCH-5-FXUC,7,2.9,9080,600,9,6900,50
Hitachi,ZX490LCH-5-FXUC,7,2.9,9080,600,Max,6540,50
Hitachi,ZX490LCH-5-FXUC,6.3,2.9,9080,600,3,26240,50
Hitachi,ZX490LCH-5-FXUC,6.3,2.9,9080,600,4.5,18710,50
Hitachi,ZX490LCH-5-FXUC,6.3,2.9,9080,600,6,12260,50
Hitachi,ZX490LCH-5-FXUC,6.3,2.9,9080,600,7.5,9050,50
Hitachi,ZX490LCH-5-FXUC,6.3,2.9,9080,600,9,N/A,50
Hitachi,ZX490LCH-5-FXUC,6.3,2.9,9080,600,Max,7340,50
Hitachi,ZX490LCH-5-FXUC,6.3,2.5,9080,600,3,N/A,50
Hitachi,ZX490LCH-5-FXUC,6.3,2.5,9080,600,4.5,18510,50
Hitachi,ZX490LCH-5-FXUC,6.3,2.5,9080,600,6,12150,50
Hitachi,ZX490LCH-5-FXUC,6.3,2.5,9080,600,7.5,9000,50
Hitachi,ZX490LCH-5-FXUC,6.3,2.5,9080,600,9,N/A,50
Hitachi,ZX490LCH-5-FXUC,6.3,2.5,9080,600,Max,7600,50
Hitachi,ZX490LCH-5-VGUC,7,3.4,9080,600,3,14970,50
Hitachi,ZX490LCH-5-VGUC,7,3.4,9080,600,4.5,17030,50
Hitachi,ZX490LCH-5-VGUC,7,3.4,9080,600,6,11850,50
Hitachi,ZX490LCH-5-VGUC,7,3.4,9080,600,7.5,8710,50
Hitachi,ZX490LCH-5-VGUC,7,3.4,9080,600,9,6820,50
Hitachi,ZX490LCH-5-VGUC,7,3.4,9080,600,Max,5920,50
Hitachi,ZX490LCH-5-VGUC,7,2.9,9080,600,3,17960,50
Hitachi,ZX490LCH-5-VGUC,7,2.9,9080,600,4.5,17600,50
Hitachi,ZX490LCH-5-VGUC,7,2.9,9080,600,6,11820,50
Hitachi,ZX490LCH-5-VGUC,7,2.9,9080,600,7.5,8710,50
Hitachi,ZX490LCH-5-VGUC,7,2.9,9080,600,9,6870,50
Hitachi,ZX490LCH-5-VGUC,7,2.9,9080,600,Max,6520,50
Hitachi,ZX490LCH-5-VGUC,6.3,2.9,9080,600,3,26930,50
Hitachi,ZX490LCH-5-VGUC,6.3,2.9,9080,600,4.5,18660,50
Hitachi,ZX490LCH-5-VGUC,6.3,2.9,9080,600,6,12220,50
Hitachi,ZX490LCH-5-VGUC,6.3,2.9,9080,600,7.5,9020,50
Hitachi,ZX490LCH-5-VGUC,6.3,2.9,9080,600,9,N/A,50
Hitachi,ZX490LCH-5-VGUC,6.3,2.9,9080,600,Max,7320,50
Hitachi,ZX490LCH-5-VGUC,6.3,2.5,9080,600,3,N/A,50
Hitachi,ZX490LCH-5-VGUC,6.3,2.5,9080,600,4.5,18450,50
Hitachi,ZX490LCH-5-VGUC,6.3,2.5,9080,600,6,12110,50
Hitachi,ZX490LCH-5-VGUC,6.3,2.5,9080,600,7.5,8970,50
Hitachi,ZX490LCH-5-VGUC,6.3,2.5,9080,600,9,N/A,50
Hitachi,ZX490LCH-5-VGUC,6.3,2.5,9080,600,Max,7570,50
Hitachi,ZX490LCH-7,6.3,2.9,9080,600,3,24140,50
Hitachi,ZX490LCH-7,6.3,2.9,9080,600,4.5,20330,50
Hitachi,ZX490LCH-7,6.3,2.9,9080,600,6,13190,50
Hitachi,ZX490LCH-7,6.3,2.9,9080,600,7.5,9700,50
Hitachi,ZX490LCH-7,6.3,2.9,9080,600,9,N/A,50
Hitachi,ZX490LCH-7,6.3,2.9,9080,600,Max,7670,50
Hitachi,ZX490LCH-7,7,3.4,9080,600,3,13320,50
Hitachi,ZX490LCH-7,7,3.4,9080,600,4.5,15200,50
Hitachi,ZX490LCH-7,7,3.4,9080,600,6,12760,50
Hitachi,ZX490LCH-7,7,3.4,9080,600,7.5,9330,50
Hitachi,ZX490LCH-7,7,3.4,9080,600,9,7290,50
Hitachi,ZX490LCH-7,7,3.4,9080,600,Max,6310,50
Hitachi,ZX690LCH-5,7.8,3.6,10400,650,3,24330,70
Hitachi,ZX690LCH-5,7.8,3.6,10400,650,4.5,16400,70
Hitachi,ZX690LCH-5,7.8,3.6,10400,650,6,17700,70
Hitachi,ZX690LCH-5,7.8,3.6,10400,650,7.5,14730,70
Hitachi,ZX690LCH-5,7.8,3.6,10400,650,9,11420,70
Hitachi,ZX690LCH-5,7.8,3.6,10400,650,10.5,9320,70
Hitachi,ZX690LCH-5,7.8,3.6,10400,650,Max,8800,70
Hitachi,ZX690LCH-5,6.8,2.9,10400,650,3,40280,70
Hitachi,ZX690LCH-5,6.8,2.9,10400,650,4.5,24650,70
Hitachi,ZX690LCH-5,6.8,2.9,10400,650,6,18660,70
Hitachi,ZX690LCH-5,6.8,2.9,10400,650,7.5,15320,70
Hitachi,ZX690LCH-5,6.8,2.9,10400,650,9,12010,70
Hitachi,ZX690LCH-5,6.8,2.9,10400,650,10.5,N/A,70
Hitachi,ZX690LCH-5,6.8,2.9,10400,650,Max,11210,70
Hitachi,ZX690LCH-7,6.8,2.9,10400,650,3,37780,70
Hitachi,ZX690LCH-7,6.8,2.9,10400,650,4.5,24230,70
Hitachi,ZX690LCH-7,6.8,2.9,10400,650,6,18340,70
Hitachi,ZX690LCH-7,6.8,2.9,10400,650,7.5,11160,70
Hitachi,ZX690LCH-7,6.8,2.9,10400,650,9,12330,70
Hitachi,ZX690LCH-7,6.8,2.9,10400,650,10,N/A,70
Hitachi,ZX690LCH-7,6.8,2.9,10400,650,Max,11510,70
Hitachi,ZX690LCH-7,7.8,3.6,10400,650,3,22480,70
Hitachi,ZX690LCH-7,7.8,3.6,10400,650,4.5,15110,70
Hitachi,ZX690LCH-7,7.8,3.6,10400,650,6,17430,70
Hitachi,ZX690LCH-7,7.8,3.6,10400,650,7.5,15130,70
Hitachi,ZX690LCH-7,7.8,3.6,10400,650,9,11740,70
Hitachi,ZX690LCH-7,7.8,3.6,10400,650,10,9580,70
Hitachi,ZX690LCH-7,7.8,3.6,10400,650,Max,9050,70
Hitachi,ZX890LCH-5,7.1,2.95,13300,650,3,44700,90
Hitachi,ZX890LCH-5,7.1,2.95,13300,650,4.5,31130,90
Hitachi,ZX890LCH-5,7.1,2.95,13300,650,6,24510,90
Hitachi,ZX890LCH-5,7.1,2.95,13300,650,7.5,21100,90
Hitachi,ZX890LCH-5,7.1,2.95,13300,650,9,16440,90
Hitachi,ZX890LCH-5,7.1,2.95,13300,650,10.5,N/A,90
Hitachi,ZX890LCH-5,7.1,2.95,13300,650,Max,14420,90
Hitachi,ZX890LCH-5,7.1,3.7,13300,650,3,26990,90
Hitachi,ZX890LCH-5,7.1,3.7,13300,650,4.5,27520,90
Hitachi,ZX890LCH-5,7.1,3.7,13300,650,6,29030,90
Hitachi,ZX890LCH-5,7.1,3.7,13300,650,7.5,19990,90
Hitachi,ZX890LCH-5,7.1,3.7,13300,650,9,16140,90
Hitachi,ZX890LCH-5,7.1,3.7,13300,650,10.5,13690,90
Hitachi,ZX890LCH-5,7.1,3.7,13300,650,Max,11740,90
Hitachi,ZX890LCH-5,8.4,3.7,13300,650,3,25530,90
Hitachi,ZX890LCH-5,8.4,3.7,13300,650,4.5,23250,90
Hitachi,ZX890LCH-5,8.4,3.7,13300,650,6,24210,90
Hitachi,ZX890LCH-5,8.4,3.7,13300,650,7.5,19190,90
Hitachi,ZX890LCH-5,8.4,3.7,13300,650,9,15580,90
Hitachi,ZX890LCH-5,8.4,3.7,13300,650,10.5,12630,90
Hitachi,ZX890LCH-5,8.4,3.7,13300,650,Max,10890,90
Hitachi,ZX890LCH-7,7.1,2.95,13300,650,3,41830,90
Hitachi,ZX890LCH-7,7.1,2.95,13300,650,4.5,30270,90
Hitachi,ZX890LCH-7,7.1,2.95,13300,650,6,23910,90
Hitachi,ZX890LCH-7,7.1,2.95,13300,650,7.5,21240,90
Hitachi,ZX890LCH-7,7.1,2.95,13300,650,9,16590,90
Hitachi,ZX890LCH-7,7.1,2.95,13300,650,10.5,N/A,90
Hitachi,ZX890LCH-7,7.1,2.95,13300,650,Max,14600,90
Hitachi,ZX890LCH-7,8.4,3.7,13300,650,3,N/A,90
Hitachi,ZX890LCH-7,8.4,3.7,13300,650,4.5,28450,90
Hitachi,ZX890LCH-7,8.4,3.7,13300,650,6,23450,90
Hitachi,ZX890LCH-7,8.4,3.7,13300,650,7.5,18600,90
Hitachi,ZX890LCH-7,8.4,3.7,13300,650,9,15580,90
Hitachi,ZX890LCH-7,8.4,3.7,13300,650,10.5,12640,90
Hitachi,ZX890LCH-7,8.4,3.7,13300,650,Max,10930,90
Kobelco,SK500XD LC,7,3.45,9800,600,3,15570,50
Kobelco,SK500XD LC,7,3.45,9800,600,4.5,17800,50
Kobelco,SK500XD LC,7,3.45,9800,600,6,12620,50
Kobelco,SK500XD LC,7,3.45,9800,600,7.5,9290,50
Kobelco,SK500XD LC,7,3.45,9800,600,9,7300,50
Kobelco,SK500XD LC,7,3.45,9800,600,Max,6280,50
Kobelco,SK500XD LC,7,3,9800,600,3,14690,50
Kobelco,SK500XD LC,7,3,9800,600,4.5,18600,50
Kobelco,SK500XD LC,7,3,9800,600,6,12670,50
Kobelco,SK500XD LC,7,3,9800,600,7.5,9350,50
Kobelco,SK500XD LC,7,3,9800,600,9,7410,50
Kobelco,SK500XD LC,7,3,9800,600,Max,6640,50
Kobelco,SK520XD LC,6.5,2.6,11200,600,3,28180,50
Kobelco,SK520XD LC,6.5,2.6,11200,600,4.5,16690,50
Kobelco,SK520XD LC,6.5,2.6,11200,600,6,13130,50
Kobelco,SK520XD LC,6.5,2.6,11200,600,7.5,10440,50
Kobelco,SK520XD LC,6.5,2.6,11200,600,9,8330,50
Kobelco,SK520XD LC,6.5,2.6,11200,600,Max,8140,50
Kobelco,SK850 LC,8.25,3.6,13300,650,3,25790,90
Kobelco,SK850 LC,8.25,3.6,13300,650,4.5,23770,90
Kobelco,SK850 LC,8.25,3.6,13300,650,6,20110,90
Kobelco,SK850 LC,8.25,3.6,13300,650,7.5,17640,90
Kobelco,SK850 LC,8.25,3.6,13300,650,9,14130,90
Kobelco,SK850 LC,8.25,3.6,13300,650,10.5,11980,90
Kobelco,SK850 LC,8.25,3.6,13300,650,Max,10650,90
Kobelco,SK850 LC,7.25,2.9,16300,650,3,39190,90
Kobelco,SK850 LC,7.25,2.9,16300,650,4.5,26740,90
Kobelco,SK850 LC,7.25,2.9,16300,650,6,21380,90
Kobelco,SK850 LC,7.25,2.9,16300,650,7.5,18680,90
Kobelco,SK850 LC,7.25,2.9,16300,650,9,17770,90
Kobelco,SK850 LC,7.25,2.9,16300,650,10.5,N/A,90
Kobelco,SK850 LC,7.25,2.9,16300,650,Max,15400,90
Volvo,EC950F,7.25,2.95,16100,650,3,31400,90
Volvo,EC950F,7.25,2.95,16100,650,4.5,28200,90
Volvo,EC950F,7.25,2.95,16100,650,6,22570,90
Volvo,EC950F,7.25,2.95,16100,650,7.5,23410,90
Volvo,EC950F,7.25,2.95,16100,650,9,19050,90
Volvo,EC950F,7.25,2.95,16100,650,10.5,N/A,90
Volvo,EC950F,7.25,2.95,16100,650,Max,17010,90
Volvo,EC950F,8.4,2.95,16100,650,3,N/A,90
Volvo,EC950F,8.4,2.95,16100,650,4.5,27570,90
Volvo,EC950F,8.4,2.95,16100,650,6,15720,90
Volvo,EC950F,8.4,2.95,16100,650,7.5,19820,90
Volvo,EC950F,8.4,2.95,16100,650,9,17990,90
Volvo,EC950F,8.4,2.95,16100,650,10.5,14580,90
Volvo,EC950F,8.4,2.95,16100,650,Max,13770,90
Volvo,EC950F,8.4,3.7,16100,650,3,29970,90
Volvo,EC950F,8.4,3.7,16100,650,4.5,24420,90
Volvo,EC950F,8.4,3.7,16100,650,6,20710,90
Volvo,EC950F,8.4,3.7,16100,650,7.5,16030,90
Volvo,EC950F,8.4,3.7,16100,650,9,17490,90
Volvo,EC950F,8.4,3.7,16100,650,10.5,14470,90
Volvo,EC950F,8.4,3.7,16100,650,Max,12550,90
Volvo,EC950F,7.25,2.95,16100,750,3,31400,90
Volvo,EC950F,7.25,2.95,16100,750,4.5,28200,90
Volvo,EC950F,7.25,2.95,16100,750,6,22570,90
Volvo,EC950F,7.25,2.95,16100,750,7.5,23410,90
Volvo,EC950F,7.25,2.95,16100,750,9,19220,90
Volvo,EC950F,7.25,2.95,16100,750,10.5,N/A,90
Volvo,EC950F,7.25,2.95,16100,750,Max,17160,90
Volvo,EC950F,8.4,2.95,16100,750,3,N/A,90
Volvo,EC950F,8.4,2.95,16100,750,4.5,27570,90
Volvo,EC950F,8.4,2.95,16100,750,6,15720,90
Volvo,EC950F,8.4,2.95,16100,750,7.5,19820,90
Volvo,EC950F,8.4,2.95,16100,750,9,18100,90
Volvo,EC950F,8.4,2.95,16100,750,10.5,14720,90
Volvo,EC950F,8.4,2.95,16100,750,Max,13830,90
Volvo,EC950F,8.4,3.7,16100,750,3,29970,90
Volvo,EC950F,8.4,3.7,16100,750,4.5,24420,90
Volvo,EC950F,8.4,3.7,16100,750,6,20710,90
Volvo,EC950F,8.4,3.7,16100,750,7.5,16030,90
Volvo,EC950F,8.4,3.7,16100,750,9,17490,90
Volvo,EC950F,8.4,3.7,16100,750,10.5,14610,90
Volvo,EC950F,8.4,3.7,16100,750,Max,12770,90
Volvo,EC950F,7.25,2.95,16100,900,3,31400,90
Volvo,EC950F,7.25,2.95,16100,900,4.5,28200,90
Volvo,EC950F,7.25,2.95,16100,900,6,22570,90
Volvo,EC950F,7.25,2.95,16100,900,7.5,23410,90
Volvo,EC950F,7.25,2.95,16100,900,9,19450,90
Volvo,EC950F,7.25,2.95,16100,900,10.5,N/A,90
Volvo,EC950F,7.25,2.95,16100,900,Max,17370,90
Volvo,EC950F,8.4,2.95,16100,900,3,N/A,90
Volvo,EC950F,8.4,2.95,16100,900,4.5,27570,90
Volvo,EC950F,8.4,2.95,16100,900,6,15720,90
Volvo,EC950F,8.4,2.95,16100,900,7.5,19820,90
Volvo,EC950F,8.4,2.95,16100,900,9,18330,90
Volvo,EC950F,8.4,2.95,16100,900,10.5,14910,90
Volvo,EC950F,8.4,2.95,16100,900,Max,14000,90
Volvo,EC950F,8.4,3.7,16100,900,3,29970,90
Volvo,EC950F,8.4,3.7,16100,900,4.5,24420,90
Volvo,EC950F,8.4,3.7,16100,900,6,20710,90
Volvo,EC950F,8.4,3.7,16100,900,7.5,16030,90
Volvo,EC950F,8.4,3.7,16100,900,9,17490,90
Volvo,EC950F,8.4,3.7,16100,900,10.5,14800,90
Volvo,EC950F,8.4,3.7,16100,900,Max,12840,90
Volvo,EC950E,7.25,2.95,16100,650,3,31420,90
Volvo,EC950E,7.25,2.95,16100,650,4.5,28250,90
Volvo,EC950E,7.25,2.95,16100,650,6,22610,90
Volvo,EC950E,7.25,2.95,16100,650,7.5,23460,90
Volvo,EC950E,7.25,2.95,16100,650,9,18610,90
Volvo,EC950E,7.25,2.95,16100,650,10.5,N/A,90
Volvo,EC950E,7.25,2.95,16100,650,Max,16620,90
Volvo,EC950E,8.4,2.95,16100,650,3,N/A,90
Volvo,EC950E,8.4,2.95,16100,650,4.5,27830,90
Volvo,EC950E,8.4,2.95,16100,650,6,15920,90
Volvo,EC950E,8.4,2.95,16100,650,7.5,20020,90
Volvo,EC950E,8.4,2.95,16100,650,9,17860,90
Volvo,EC950E,8.4,2.95,16100,650,10.5,14340,90
Volvo,EC950E,8.4,2.95,16100,650,Max,13470,90
Volvo,EC950E,8.4,3.7,16100,650,3,30090,90
Volvo,EC950E,8.4,3.7,16100,650,4.5,24690,90
Volvo,EC950E,8.4,3.7,16100,650,6,20940,90
Volvo,EC950E,8.4,3.7,16100,650,7.5,16420,90
Volvo,EC950E,8.4,3.7,16100,650,9,17580,90
Volvo,EC950E,8.4,3.7,16100,650,10.5,14240,90
Volvo,EC950E,8.4,3.7,16100,650,Max,12370,90
Volvo,EC950E,7.25,2.95,16100,750,3,31420,90
Volvo,EC950E,7.25,2.95,16100,750,4.5,28250,90
Volvo,EC950E,7.25,2.95,16100,750,6,22610,90
Volvo,EC950E,7.25,2.95,16100,750,7.5,23460,90
Volvo,EC950E,7.25,2.95,16100,750,9,18760,90
Volvo,EC950E,7.25,2.95,16100,750,10.5,N/A,90
Volvo,EC950E,7.25,2.95,16100,750,Max,16750,90
Volvo,EC950E,8.4,2.95,16100,750,3,N/A,90
Volvo,EC950E,8.4,2.95,16100,750,4.5,27830,90
Volvo,EC950E,8.4,2.95,16100,750,6,15920,90
Volvo,EC950E,8.4,2.95,16100,750,7.5,20020,90
Volvo,EC950E,8.4,2.95,16100,750,9,17770,90
Volvo,EC950E,8.4,2.95,16100,750,10.5,14460,90
Volvo,EC950E,8.4,2.95,16100,750,Max,13590,90
Volvo,EC950E,8.4,3.7,16100,750,3,30090,90
Volvo,EC950E,8.4,3.7,16100,750,4.5,24690,90
Volvo,EC950E,8.4,3.7,16100,750,6,20940,90
Volvo,EC950E,8.4,3.7,16100,750,7.5,16240,90
Volvo,EC950E,8.4,3.7,16100,750,9,17690,90
Volvo,EC950E,8.4,3.7,16100,750,10.5,14370,90
Volvo,EC950E,8.4,3.7,16100,750,Max,12480,90
Volvo,EC950E,7.25,2.95,16100,900,3,31420,90
Volvo,EC950E,7.25,2.95,16100,900,4.5,28250,90
Volvo,EC950E,7.25,2.95,16100,900,6,22610,90
Volvo,EC950E,7.25,2.95,16100,900,7.5,23460,90
Volvo,EC950E,7.25,2.95,16100,900,9,18990,90
Volvo,EC950E,7.25,2.95,16100,900,10.5,N/A,90
Volvo,EC950E,7.25,2.95,16100,900,Max,16960,90
Volvo,EC950E,8.4,2.95,16100,900,3,N/A,90
Volvo,EC950E,8.4,2.95,16100,900,4.5,27830,90
Volvo,EC950E,8.4,2.95,16100,900,6,15920,90
Volvo,EC950E,8.4,2.95,16100,900,7.5,20020,90
Volvo,EC950E,8.4,2.95,16100,900,9,18240,90
Volvo,EC950E,8.4,2.95,16100,900,10.5,14650,90
Volvo,EC950E,8.4,2.95,16100,900,Max,13770,90
Volvo,EC950E,8.4,3.7,16100,900,3,30090,90
Volvo,EC950E,8.4,3.7,16100,900,4.5,24690,90
Volvo,EC950E,8.4,3.7,16100,900,6,20940,90
Volvo,EC950E,8.4,3.7,16100,900,7.5,16240,90
Volvo,EC950E,8.4,3.7,16100,900,9,17690,90
Volvo,EC950E,8.4,3.7,16100,900,10.5,14550,90
Volvo,EC950E,8.4,3.7,16100,900,Max,12640,90
Volvo,EC530E,6.5,2.55,10600,750,1.5,N/A,50
Volvo,EC530E,6.5,2.55,10600,750,3,21630,50
Volvo,EC530E,6.5,2.55,10600,750,4.5,18660,50
Volvo,EC530E,6.5,2.55,10600,750,6,15350,50
Volvo,EC530E,6.5,2.55,10600,750,7.5,11290,50
Volvo,EC530E,6.5,2.55,10600,750,9,N/A,50
Volvo,EC530E,6.5,2.55,10600,750,10.5,N/A,50
Volvo,EC530E,6.5,2.55,10600,750,Max,9020,50
Volvo,EC530E,6.5,3,10600,750,1.5,N/A,50
Volvo,EC530E,6.5,3,10600,750,3,21810,50
Volvo,EC530E,6.5,3,10600,750,4.5,20920,50
Volvo,EC530E,6.5,3,10600,750,6,15210,50
Volvo,EC530E,6.5,3,10600,750,7.5,11090,50
Volvo,EC530E,6.5,3,10600,750,9,8700,50
Volvo,EC530E,6.5,3,10600,750,10.5,N/A,50
Volvo,EC530E,6.5,3,10600,750,Max,8410,50
Volvo,EC530E,7,2.55,10600,750,1.5,N/A,50
Volvo,EC530E,7,2.55,10600,750,3,24240,50
Volvo,EC530E,7,2.55,10600,750,4.5,16090,50
Volvo,EC530E,7,2.55,10600,750,6,15110,50
Volvo,EC530E,7,2.55,10600,750,7.5,11100,50
Volvo,EC530E,7,2.55,10600,750,9,8720,50
Volvo,EC530E,7,2.55,10600,750,10.5,N/A,50
Volvo,EC530E,7,2.55,10600,750,Max,8230,50
Volvo,EC530E,7,3,10600,750,1.5,N/A,50
Volvo,EC530E,7,3,10600,750,3,15900,50
Volvo,EC530E,7,3,10600,750,4.5,19930,50
Volvo,EC530E,7,3,10600,750,6,14870,50
Volvo,EC530E,7,3,10600,750,7.5,10890,50
Volvo,EC530E,7,3,10600,750,9,8560,50
Volvo,EC530E,7,3,10600,750,10.5,N/A,50
Volvo,EC530E,7,3,10600,750,Max,7680,50
Volvo,EC530E,7,3.35,10600,750,1.5,20300,50
Volvo,EC530E,7,3.35,10600,750,3,15720,50
Volvo,EC530E,7,3.35,10600,750,4.5,15870,50
Volvo,EC530E,7,3.35,10600,750,6,14920,50
Volvo,EC530E,7,3.35,10600,750,7.5,10920,50
Volvo,EC530E,7,3.35,10600,750,9,8550,50
Volvo,EC530E,7,3.35,10600,750,10.5,N/A,50
Volvo,EC530E,7,3.35,10600,750,Max,7370,50
Volvo,EC530E,7,3.9,10600,750,1.5,11000,50
Volvo,EC530E,7,3.9,10600,750,3,15430,50
Volvo,EC530E,7,3.9,10600,750,4.5,19020,50
Volvo,EC530E,7,3.9,10600,750,6,14120,50
Volvo,EC530E,7,3.9,10600,750,7.5,10820,50
Volvo,EC530E,7,3.9,10600,750,9,8430,50
Volvo,EC530E,7,3.9,10600,750,10.5,6960,50
Volvo,EC530E,7,3.9,10600,750,Max,6810,50
Volvo,EC750E,6.6,2.9,12100,750,4.5,24610,70
Volvo,EC750E,6.6,2.9,12100,750,6,22880,70
Volvo,EC750E,6.6,2.9,12100,750,7.5,17930,70
Volvo,EC750E,6.6,2.9,12100,750,9,14130,70
Volvo,EC750E,6.6,2.9,12100,750,10.5,N/A,70
Volvo,EC750E,6.6,2.9,12100,750,Max,13640,70
Volvo,EC750E,7.7,2.9,12100,750,4.5,23420,70
Volvo,EC750E,7.7,2.9,12100,750,6,19770,70
Volvo,EC750E,7.7,2.9,12100,750,7.5,14870,70
Volvo,EC750E,7.7,2.9,12100,750,9,13190,70
Volvo,EC750E,7.7,2.9,12100,750,10.5,N/A,70
Volvo,EC750E,7.7,2.9,12100,750,Max,10940,70
Volvo,EC750E,6.6,2.9,12100,650,4.5,24610,70
Volvo,EC750E,6.6,2.9,12100,650,6,22880,70
Volvo,EC750E,6.6,2.9,12100,650,7.5,17760,70
Volvo,EC750E,6.6,2.9,12100,650,9,13990,70
Volvo,EC750E,6.6,2.9,12100,650,10.5,N/A,70
Volvo,EC750E,6.6,2.9,12100,650,Max,13510,70
Volvo,EC750E,7.7,2.9,12100,650,4.5,23420,70
Volvo,EC750E,7.7,2.9,12100,650,6,19770,70
Volvo,EC750E,7.7,2.9,12100,650,7.5,14870,70
Volvo,EC750E,7.7,2.9,12100,650,9,13060,70
Volvo,EC750E,7.7,2.9,12100,650,10.5,N/A,70
Volvo,EC750E,7.7,2.9,12100,650,Max,10820,70
Volvo,EC750E,7.7,3.55,12100,650,4.5,18590,70
Volvo,EC750E,7.7,3.55,12100,650,6,15010,70
Volvo,EC750E,7.7,3.55,12100,650,7.5,16690,70
Volvo,EC750E,7.7,3.55,12100,650,9,12920,70
Volvo,EC750E,7.7,3.55,12100,650,10.5,10500,70
Volvo,EC750E,7.7,3.55,12100,650,Max,9980,70
Volvo,EC750E,7.7,4.2,12100,650,4.5,22890,70
Volvo,EC750E,7.7,4.2,12100,650,6,18480,70
Volvo,EC750E,7.7,4.2,12100,650,7.5,13740,70
Volvo,EC750E,7.7,4.2,12100,650,9,12710,70
Volvo,EC750E,7.7,4.2,12100,650,10.5,10260,70
Volvo,EC750E,7.7,4.2,12100,650,Max,9080,70
Volvo,EC750E,7.7,3.55,12100,750,4.5,18590,70
Volvo,EC750E,7.7,3.55,12100,750,6,15010,70
Volvo,EC750E,7.7,3.55,12100,750,7.5,15240,70
Volvo,EC750E,7.7,3.55,12100,750,9,13050,70
Volvo,EC750E,7.7,3.55,12100,750,10.5,10610,70
Volvo,EC750E,7.7,3.55,12100,750,Max,10080,70
Volvo,EC750E,7.7,4.2,12100,750,4.5,20710,70
Volvo,EC750E,7.7,4.2,12100,750,6,18480,70
Volvo,EC750E,7.7,4.2,12100,750,7.5,13740,70
Volvo,EC750E,7.7,4.2,12100,750,9,12850,70
Volvo,EC750E,7.7,4.2,12100,750,10.5,10370,70
Volvo,EC750E,7.7,4.2,12100,750,Max,9180,70
Volvo,EC750E,6.6,2.9,12100,900,4.5,24610,70
Volvo,EC750E,6.6,2.9,12100,900,6,22880,70
Volvo,EC750E,6.6,2.9,12100,900,7.5,18190,70
Volvo,EC750E,6.6,2.9,12100,900,9,14630,70
Volvo,EC750E,6.6,2.9,12100,900,10.5,N/A,70
Volvo,EC750E,6.6,2.9,12100,900,Max,13840,70
Volvo,EC750E,7.7,2.9,12100,900,4.5,23420,70
Volvo,EC750E,7.7,2.9,12100,900,6,19770,70
Volvo,EC750E,7.7,2.9,12100,900,7.5,14870,70
Volvo,EC750E,7.7,2.9,12100,900,9,13400,70
Volvo,EC750E,7.7,2.9,12100,900,10.5,N/A,70
Volvo,EC750E,7.7,2.9,12100,900,Max,11100,70
Volvo,EC750E,7.7,3.55,12100,900,4.5,18590,70
Volvo,EC750E,7.7,3.55,12100,900,6,15010,70
Volvo,EC750E,7.7,3.55,12100,900,7.5,17120,70
Volvo,EC750E,7.7,3.55,12100,900,9,13260,70
Volvo,EC750E,7.7,3.55,12100,900,10.5,10780,70
Volvo,EC750E,7.7,3.55,12100,900,Max,10240,70
Volvo,EC750E,7.7,4.2,12100,900,4.5,20710,70
Volvo,EC750E,7.7,4.2,12100,900,6,18480,70
Volvo,EC750E,7.7,4.2,12100,900,7.5,13740,70
Volvo,EC750E,7.7,4.2,12100,900,9,13050,70
Volvo,EC750E,7.7,4.2,12100,900,10.5,10470,70
Volvo,EC750E,7.7,4.2,12100,900,Max,9330,70
Volvo,EC750D,6.6,2.9,12700,650,4.5,20640,70
Volvo,EC750D,6.6,2.9,12700,650,6,19480,70
Volvo,EC750D,6.6,2.9,12700,650,7.5,16950,70
Volvo,EC750D,6.6,2.9,12700,650,9,13990,70
Volvo,EC750D,6.6,2.9,12700,650,10.5,N/A,70
Volvo,EC750D,6.6,2.9,12700,650,Max,13510,70
Volvo,EC750D,7.1,2.9,12700,650,4.5,20880,70
Volvo,EC750D,7.1,2.9,12700,650,6,16430,70
Volvo,EC750D,7.1,2.9,12700,650,7.5,15840,70
Volvo,EC750D,7.1,2.9,12700,650,9,13470,70
Volvo,EC750D,7.1,2.9,12700,650,10.5,N/A,70
Volvo,EC750D,7.1,2.9,12700,650,Max,12190,70
Volvo,EC750D,7.7,2.9,12700,650,4.5,19620,70
Volvo,EC750D,7.7,2.9,12700,650,6,16580,70
Volvo,EC750D,7.7,2.9,12700,650,7.5,12410,70
Volvo,EC750D,7.7,2.9,12700,650,9,13090,70
Volvo,EC750D,7.7,2.9,12700,650,10.5,N/A,70
Volvo,EC750D,7.7,2.9,12700,650,Max,10850,70
Volvo,EC750D,7.7,3.55,12700,650,4.5,15520,70
Volvo,EC750D,7.7,3.55,12700,650,6,12510,70
Volvo,EC750D,7.7,3.55,12700,650,7.5,14590,70
Volvo,EC750D,7.7,3.55,12700,650,9,12920,70
Volvo,EC750D,7.7,3.55,12700,650,10.5,10510,70
Volvo,EC750D,7.7,3.55,12700,650,Max,9780,70
Volvo,EC750D,6.6,2.9,12700,750,4.5,20640,70
Volvo,EC750D,6.6,2.9,12700,750,6,19480,70
Volvo,EC750D,6.6,2.9,12700,750,7.5,16950,70
Volvo,EC750D,6.6,2.9,12700,750,9,14130,70
Volvo,EC750D,6.6,2.9,12700,750,10.5,N/A,70
Volvo,EC750D,6.6,2.9,12700,750,Max,13640,70
Volvo,EC750D,7.7,2.9,12700,900,4.5,19620,70
Volvo,EC750D,7.7,2.9,12700,900,6,16580,70
Volvo,EC750D,7.7,2.9,12700,900,7.5,12410,70
Volvo,EC750D,7.7,2.9,12700,900,9,13440,70
Volvo,EC750D,7.7,2.9,12700,900,10.5,N/A,70
Volvo,EC750D,7.7,2.9,12700,900,Max,11140,70
Volvo,EC750D,7.7,3.55,12700,900,4.5,15550,70
Volvo,EC750D,7.7,3.55,12700,900,6,12550,70
Volvo,EC750D,7.7,3.55,12700,900,7.5,14590,70
Volvo,EC750D,7.7,3.55,12700,900,9,13270,70
Volvo,EC750D,7.7,3.55,12700,900,10.5,10790,70
Volvo,EC750D,7.7,3.55,12700,900,Max,9820,70
Volvo,EC480DL FIXED UC,6.5,2.55,9050,600,3,18840,50
Volvo,EC480DL FIXED UC,6.5,2.55,9050,600,4.5,17490,50
Volvo,EC480DL FIXED UC,6.5,2.55,9050,600,6,12400,50
Volvo,EC480DL FIXED UC,6.5,2.55,9050,600,7.5,9150,50
Volvo,EC480DL FIXED UC,6.5,2.55,9050,600,9,N/A,50
Volvo,EC480DL FIXED UC,6.5,2.55,9050,600,10.5,N/A,50
Volvo,EC480DL FIXED UC,6.5,2.55,9050,600,Max,7310,50
Volvo,EC480DL FIXED UC,6.5,3,9050,600,3,19530,50
Volvo,EC480DL FIXED UC,6.5,3,9050,600,4.5,18230,50
Volvo,EC480DL FIXED UC,6.5,3,9050,600,6,12110,50
Volvo,EC480DL FIXED UC,6.5,3,9050,600,7.5,8900,50
Volvo,EC480DL FIXED UC,6.5,3,9050,600,9,6990,50
Volvo,EC480DL FIXED UC,6.5,3,9050,600,10.5,N/A,50
Volvo,EC480DL FIXED UC,6.5,3,9050,600,Max,6750,50
Volvo,EC480DL FIXED UC,7,3,9050,600,3,27580,50
Volvo,EC480DL FIXED UC,7,3,9050,600,4.5,18710,50
Volvo,EC480DL FIXED UC,7,3,9050,600,6,12170,50
Volvo,EC480DL FIXED UC,7,3,9050,600,7.5,8950,50
Volvo,EC480DL FIXED UC,7,3,9050,600,9,7050,50
Volvo,EC480DL FIXED UC,7,3,9050,600,10.5,N/A,50
Volvo,EC480DL FIXED UC,7,3,9050,600,Max,6130,50
Volvo,EC480DL FIXED UC,7,3.35,9050,600,3,14040,50
Volvo,EC480DL FIXED UC,7,3.35,9050,600,4.5,15840,50
Volvo,EC480DL FIXED UC,7,3.35,9050,600,6,12100,50
Volvo,EC480DL FIXED UC,7,3.35,9050,600,7.5,8930,50
Volvo,EC480DL FIXED UC,7,3.35,9050,600,9,6970,50
Volvo,EC480DL FIXED UC,7,3.35,9050,600,10.5,N/A,50
Volvo,EC480DL FIXED UC,7,3.35,9050,600,Max,6010,50
Volvo,EC480DL FIXED UC,7,3.9,9050,600,3,14060,50
Volvo,EC480DL FIXED UC,7,3.9,9050,600,4.5,18130,50
Volvo,EC480DL FIXED UC,7,3.9,9050,600,6,11890,50
Volvo,EC480DL FIXED UC,7,3.9,9050,600,7.5,8710,50
Volvo,EC480DL FIXED UC,7,3.9,9050,600,9,6810,50
Volvo,EC480DL FIXED UC,7,3.9,9050,600,10.5,5640,50
Volvo,EC480DL FIXED UC,7,3.9,9050,600,Max,5610,50
Volvo,EC480DL FIXED UC,7,4.8,9050,600,3,14230,50
Volvo,EC480DL FIXED UC,7,4.8,9050,600,4.5,17570,50
Volvo,EC480DL FIXED UC,7,4.8,9050,600,6,11560,50
Volvo,EC480DL FIXED UC,7,4.8,9050,600,7.5,8440,50
Volvo,EC480DL FIXED UC,7,4.8,9050,600,9,6570,50
Volvo,EC480DL FIXED UC,7,4.8,9050,600,10.5,5340,50
Volvo,EC480DL FIXED UC,7,4.8,9050,600,Max,4880,50
Volvo,EC480DL RETRACT. UC,6.5,2.55,9750,600,3,18840,50
Volvo,EC480DL RETRACT. UC,6.5,2.55,9750,600,4.5,17490,50
Volvo,EC480DL RETRACT. UC,6.5,2.55,9750,600,6,13390,50
Volvo,EC480DL RETRACT. UC,6.5,2.55,9750,600,7.5,10240,50
Volvo,EC480DL RETRACT. UC,6.5,2.55,9750,600,9,N/A,50
Volvo,EC480DL RETRACT. UC,6.5,2.55,9750,600,10.5,N/A,50
Volvo,EC480DL RETRACT. UC,6.5,2.55,9750,600,Max,8170,50
Volvo,EC480DL RETRACT. UC,6.5,3,9750,600,3,19530,50
Volvo,EC480DL RETRACT. UC,6.5,3,9750,600,4.5,18230,50
Volvo,EC480DL RETRACT. UC,6.5,3,9750,600,6,13630,50
Volvo,EC480DL RETRACT. UC,6.5,3,9750,600,7.5,9990,50
Volvo,EC480DL RETRACT. UC,6.5,3,9750,600,9,7850,50
Volvo,EC480DL RETRACT. UC,6.5,3,9750,600,10.5,N/A,50
Volvo,EC480DL RETRACT. UC,6.5,3,9750,600,Max,7570,50
Volvo,EC480DL RETRACT. UC,7,2.55,9750,600,3,27580,50
Volvo,EC480DL RETRACT. UC,7,2.55,9750,600,4.5,18710,50
Volvo,EC480DL RETRACT. UC,7,2.55,9750,600,6,13060,50
Volvo,EC480DL RETRACT. UC,7,2.55,9750,600,7.5,10040,50
Volvo,EC480DL RETRACT. UC,7,2.55,9750,600,9,7900,50
Volvo,EC480DL RETRACT. UC,7,2.55,9750,600,10.5,N/A,50
Volvo,EC480DL RETRACT. UC,7,2.55,9750,600,Max,7440,50
Volvo,EC480DL RETRACT. UC,7,3,9750,600,3,13850,50
Volvo,EC480DL RETRACT. UC,7,3,9750,600,4.5,18120,50
Volvo,EC480DL RETRACT. UC,7,3,9750,600,6,13370,50
Volvo,EC480DL RETRACT. UC,7,3,9750,600,7.5,9790,50
Volvo,EC480DL RETRACT. UC,7,3,9750,600,9,7690,50
Volvo,EC480DL RETRACT. UC,7,3,9750,600,10.5,N/A,50
Volvo,EC480DL RETRACT. UC,7,3,9750,600,Max,6890,50
Volvo,EC480DL RETRACT. UC,7,3.35,9750,600,3,14040,50
Volvo,EC480DL RETRACT. UC,7,3.35,9750,600,4.5,15840,50
Volvo,EC480DL RETRACT. UC,7,3.35,9750,600,6,13610,50
Volvo,EC480DL RETRACT. UC,7,3.35,9750,600,7.5,9980,50
Volvo,EC480DL RETRACT. UC,7,3.35,9750,600,9,7820,50
Volvo,EC480DL RETRACT. UC,7,3.35,9750,600,10.5,N/A,50
Volvo,EC480DL RETRACT. UC,7,3.35,9750,600,Max,6740,50
Volvo,EC480DL RETRACT. UC,7,3.9,9750,600,3,14060,50
Volvo,EC480DL RETRACT. UC,7,3.9,9750,600,4.5,18130,50
Volvo,EC480DL RETRACT. UC,7,3.9,9750,600,6,12610,50
Volvo,EC480DL RETRACT. UC,7,3.9,9750,600,7.5,9780,50
Volvo,EC480DL RETRACT. UC,7,3.9,9750,600,9,7670,50
Volvo,EC480DL RETRACT. UC,7,3.9,9750,600,10.5,6340,50
Volvo,EC480DL RETRACT. UC,7,3.9,9750,600,Max,6200,50
Volvo,EC480DL RETRACT. UC,7,4.8,9750,600,3,14240,50
Volvo,EC480DL RETRACT. UC,7,4.8,9750,600,4.5,17570,50
Volvo,EC480DL RETRACT. UC,7,4.8,9750,600,6,13070,50
Volvo,EC480DL RETRACT. UC,7,4.8,9750,600,7.5,9530,50
Volvo,EC480DL RETRACT. UC,7,4.8,9750,600,9,7420,50
Volvo,EC480DL RETRACT. UC,7,4.8,9750,600,10.5,6040,50
Volvo,EC480DL RETRACT. UC,7,4.8,9750,600,Max,5520,50
Volvo,EC480DLR FIXED UC,9,6,10300,800,6,11180,50
Volvo,EC480DLR FIXED UC,9,6,10300,800,7.5,8140,50
Volvo,EC480DLR FIXED UC,9,6,10300,800,9,6320,50
Volvo,EC480DLR FIXED UC,9,6,10300,800,10.5,5120,50
Volvo,EC480DLR FIXED UC,9,6,10300,800,12,4270,50
Volvo,EC480DLR FIXED UC,9,6,10300,800,13.5,3620,50
Volvo,EC480DLR FIXED UC,9,6,10300,800,Max,3230,50
Volvo,EC480DLR RETRACT. UC,9,6,10300,800,6,11680,50
Volvo,EC480DLR RETRACT. UC,9,6,10300,800,7.5,8820,50
Volvo,EC480DLR RETRACT. UC,9,6,10300,800,9,6850,50
Volvo,EC480DLR RETRACT. UC,9,6,10300,800,10.5,5550,50
Volvo,EC480DLR RETRACT. UC,9,6,10300,800,12,4630,50
Volvo,EC480DLR RETRACT. UC,9,6,10300,800,13.5,3940,50
Volvo,EC480DLR RETRACT. UC,9,6,10300,800,Max,3510,50
CAT,6015,999,999,99999,999,7.5,25426,120
Komatsu,PC490LC-11,7.06,3.38,9600,900,3,15850,50
Komatsu,PC490LC-11,7.06,3.38,9600,900,4.6,17970,50
Komatsu,PC490LC-11,7.06,3.38,9600,900,6.1,14350,50
Komatsu,PC490LC-11,7.06,3.38,9600,900,7.6,9940,50
Komatsu,PC490LC-11,7.06,3.38,9600,900,9.1,8510,50
Komatsu,PC490LC-11,7.06,3.38,9600,900,Max,7560,50
Komatsu,PC490LC-11 SE,6.7,2.9,9600,600,7.5,11140,50
CAT,374,7.8,4.67,11240,900,1.5,16750,80
CAT,374,7.8,4.67,11240,900,3,13650,80
CAT,374,7.8,4.67,11240,900,4.5,18800,80
CAT,374,7.8,4.67,11240,900,6,20800,80
CAT,374,7.8,4.67,11240,900,7.5,16300,80
CAT,374,7.8,4.67,11240,900,9,12650,80
CAT,374,7.8,4.67,11240,900,10.5,10250,80
CAT,374,7.8,4.67,11240,900,12,8700,80
CAT,374,7.8,4.67,11240,900,Max,8550,80
CAT,374,7.8,4.67,11240,750,1.5,16750,80
CAT,374,7.8,4.67,11240,750,3,13650,80
CAT,374,7.8,4.67,11240,750,4.5,18800,80
CAT,374,7.8,4.67,11240,750,6,20800,80
CAT,374,7.8,4.67,11240,750,7.5,16050,80
CAT,374,7.8,4.67,11240,750,9,12450,80
CAT,374,7.8,4.67,11240,750,10.5,10100,80
CAT,374,7.8,4.67,11240,750,12,11350,80
CAT,374,7.8,4.67,11240,750,Max,8400,80
CAT,374,7.8,4.67,11240,650,1.5,16750,80
CAT,374,7.8,4.67,11240,650,3,13650,80
CAT,374,7.8,4.67,11240,650,4.5,18800,80
CAT,374,7.8,4.67,11240,650,6,20800,80
CAT,374,7.8,4.67,11240,650,7.5,15900,80
CAT,374,7.8,4.67,11240,650,9,12300,80
CAT,374,7.8,4.67,11240,650,10.5,10000,80
CAT,374,7.8,4.67,11240,650,12,8500,80
CAT,374,7.8,4.67,11240,650,Max,8300,80
CAT,374,7.8,4.15,11240,900,3,14550,80
CAT,374,7.8,4.15,11240,900,4.5,18300,80
CAT,374,7.8,4.15,11240,900,6,18700,80
CAT,374,7.8,4.15,11240,900,7.5,14300,80
CAT,374,7.8,4.15,11240,900,9,12750,80
CAT,374,7.8,4.15,11240,900,10.5,10350,80
CAT,374,7.8,4.15,11240,900,Max,9150,80
CAT,374,7.8,4.15,11240,750,3,14550,80
CAT,374,7.8,4.15,11240,750,4.5,18300,80
CAT,374,7.8,4.15,11240,750,6,18700,80
CAT,374,7.8,4.15,11240,750,7.5,14300,80
CAT,374,7.8,4.15,11240,750,9,12550,80
CAT,374,7.8,4.15,11240,750,10.5,10200,80
CAT,374,7.8,4.15,11240,750,Max,9050,80
CAT,374,7.8,4.15,11240,650,3,14550,80
CAT,374,7.8,4.15,11240,650,4.5,18300,80
CAT,374,7.8,4.15,11240,650,6,18700,80
CAT,374,7.8,4.15,11240,650,7.5,14300,80
CAT,374,7.8,4.15,11240,650,9,12450,80
CAT,374,7.8,4.15,11240,650,10.5,10100,80
CAT,374,7.8,4.15,11240,650,Max,8950,80
CAT,374,7.8,3.6,11240,900,3,26350,80
CAT,374,7.8,3.6,11240,900,4.5,26800,80
CAT,374,7.8,3.6,11240,900,6,16100,80
CAT,374,7.8,3.6,11240,900,7.5,16650,80
CAT,374,7.8,3.6,11240,900,9,12950,80
CAT,374,7.8,3.6,11240,900,10.5,10550,80
CAT,374,7.8,3.6,11240,900,Max,9900,80
CAT,374,7.8,3.6,11240,750,3,26350,80
CAT,374,7.8,3.6,11240,750,4.5,26800,80
CAT,374,7.8,3.6,11240,750,6,16100,80
CAT,374,7.8,3.6,11240,750,7.5,16400,80
CAT,374,7.8,3.6,11240,750,9,12750,80
CAT,374,7.8,3.6,11240,750,10.5,10400,80
CAT,374,7.8,3.6,11240,750,Max,9750,80
CAT,374,7.8,3.6,11240,650,3,26350,80
CAT,374,7.8,3.6,11240,650,4.5,26800,80
CAT,374,7.8,3.6,11240,650,6,16100,80
CAT,374,7.8,3.6,11240,650,7.5,16300,80
CAT,374,7.8,3.6,11240,650,9,12600,80
CAT,374,7.8,3.6,11240,650,10.5,10300,80
CAT,374,7.8,3.6,11240,650,Max,9650,80
CAT,374,7.8,2.84,11240,900,4.5,23150,80
CAT,374,7.8,2.84,11240,900,6,19800,80
CAT,374,7.8,2.84,11240,900,7.5,15350,80
CAT,374,7.8,2.84,11240,900,9,13050,80
CAT,374,7.8,2.84,11240,900,10.5,10950,80
CAT,374,7.8,2.84,11240,900,Max,10800,80
CAT,374,7.8,2.84,11240,750,4.5,23150,80
CAT,374,7.8,2.84,11240,750,6,19800,80
CAT,374,7.8,2.84,11240,750,7.5,15350,80
CAT,374,7.8,2.84,11240,750,9,12850,80
CAT,374,7.8,2.84,11240,750,10.5,10750,80
CAT,374,7.8,2.84,11240,750,Max,10650,80
CAT,374,7.8,2.84,11240,650,4.5,23150,80
CAT,374,7.8,2.84,11240,650,6,19800,80
CAT,374,7.8,2.84,11240,650,7.5,15350,80
CAT,374,7.8,2.84,11240,650,9,12750,80
CAT,374,7.8,2.84,11240,650,10.5,10650,80
CAT,374,7.8,2.84,11240,650,Max,10500,80
CAT,374,7,2.57,11240,900,3,27350,80
CAT,374,7,2.57,11240,900,4.5,21750,80
CAT,374,7,2.57,11240,900,6,16700,80
CAT,374,7,2.57,11240,900,7.5,16800,80
CAT,374,7,2.57,11240,900,9,13150,80
CAT,374,7,2.57,11240,900,Max,12550,80
CAT,374,7,2.57,11240,750,3,27350,80
CAT,374,7,2.57,11240,750,4.5,21750,80
CAT,374,7,2.57,11240,750,6,16700,80
CAT,374,7,2.57,11240,750,7.5,16550,80
CAT,374,7,2.57,11240,750,9,12950,80
CAT,374,7,2.57,11240,750,Max,12350,80
CAT,374,7,2.57,11240,650,3,27350,80
CAT,374,7,2.57,11240,650,4.5,21750,80
CAT,374,7,2.57,11240,650,6,16700,80
CAT,374,7,2.57,11240,650,7.5,16400,80
CAT,374,7,2.57,11240,650,9,12800,80
CAT,374,7,2.57,11240,650,Max,12250,80
CAT,395,7.25,2.92,15450,650,3,27650,100
CAT,395,7.25,2.92,15450,650,4.5,28950,100
CAT,395,7.25,2.92,15450,650,6,19800,100
CAT,395,7.25,2.92,15450,650,7.5,23050,100
CAT,395,7.25,2.92,15450,650,9,18500,100
CAT,395,7.25,2.92,15450,650,Max,16250,100
CAT,395,7.25,2.92,15450,750,3,27650,100
CAT,395,7.25,2.92,15450,750,4.5,28950,100
CAT,395,7.25,2.92,15450,750,6,19800,100
CAT,395,7.25,2.92,15450,750,7.5,23050,100
CAT,395,7.25,2.92,15450,750,9,18650,100
CAT,395,7.25,2.92,15450,750,Max,16400,100
CAT,395,7.25,2.92,15450,900,3,27650,100
CAT,395,7.25,2.92,15450,900,4.5,28950,100
CAT,395,7.25,2.92,15450,900,6,19800,100
CAT,395,7.25,2.92,15450,900,7.5,23050,100
CAT,395,7.25,2.92,15450,900,9,18850,100
CAT,395,7.25,2.92,15450,900,1111,16500,100
Volvo,EC550E,6.5,2.55,10600,600,3,21630,50
Volvo,EC550E,6.5,2.55,10600,600,4.5,18660,50
Volvo,EC550E,6.5,2.55,10600,600,6,15460,50
Volvo,EC550E,6.5,2.55,10600,600,7.5,13050,50
Volvo,EC550E,6.5,2.55,10600,600,1111,10360,50
Volvo,EC550E,6.5,3,10600,600,3,21810,50
Volvo,EC550E,6.5,3,10600,600,4.5,20920,50
Volvo,EC550E,6.5,3,10600,600,6,15290,50
Volvo,EC550E,6.5,3,10600,600,7.5,12850,50
Volvo,EC550E,6.5,3,10600,600,9,10030,50
Volvo,EC550E,6.5,3,10600,600,1111,9680,50
Volvo,EC550E,7,2.55,10600,600,3,24240,50
Volvo,EC550E,7,2.55,10600,600,4.5,16090,50
Volvo,EC550E,7,2.55,10600,600,6,15120,50
Volvo,EC550E,7,2.55,10600,600,7.5,12850,50
Volvo,EC550E,7,2.55,10600,600,9,10040,50
Volvo,EC550E,7,2.55,10600,600,1111,9460,50
Volvo,EC550E,7,3,10600,600,3,15900,50
Volvo,EC550E,7,3,10600,600,4.5,19930,50
Volvo,EC550E,7,3,10600,600,6,16670,50
Volvo,EC550E,7,3,10600,600,7.5,12640,50
Volvo,EC550E,7,3,10600,600,9,9880,50
Volvo,EC550E,7,3,10600,600,1111,8850,50
Volvo,EC550E,7,3.35,10600,600,1.5,20300,50
Volvo,EC550E,7,3.35,10600,600,3,15720,50
Volvo,EC550E,7,3.35,10600,600,4.5,15870,50
Volvo,EC550E,7,3.35,10600,600,6,16180,50
Volvo,EC550E,7,3.35,10600,600,7.5,12670,50
Volvo,EC550E,7,3.35,10600,600,9,9870,50
Volvo,EC550E,7,3.35,10600,600,1111,8480,50
Volvo,EC550E,7,3.9,10600,600,1.5,11000,50
Volvo,EC550E,7,3.9,10600,600,3,15430,50
Volvo,EC550E,7,3.9,10600,600,4.5,19020,50
Volvo,EC550E,7,3.9,10600,600,6,14120,50
Volvo,EC550E,7,3.9,10600,600,7.5,12570,50
Volvo,EC550E,7,3.9,10600,600,9,9750,50
Volvo,EC550E,7,3.9,10600,600,10.5,8020,50
Volvo,EC550E,7,3.9,10600,600,1111,7410,50
CAT,352,6.9,3.9,9800,600,7.5,9550,50
CAT,352,6.9,3.9,9800,600,9,7500,50
